{
  "name": "fourUS",
  "shortDescription": "fourUS",
  "longDescription": "<p>Custom robot created in the configurator.</p>",
  "longerDescription": "<h3>#robot-dimensions#</h3><ul><li>#robot-wheelDiameter#: 5 cm</li><li>#robot-wheelSpacing#: 15.9 cm</li></ul><h3>#robot-actuators#</h3><ul><li>#robot-port# A : #robot-leftWheel#</li><li>#robot-port# B : #robot-rightWheel#</li></ul><h3>#robot-sensors#</h3><ul><li>#robot-port# 1 : #robot-ultrasonic#</li><li>#robot-port# 2 : #robot-gyro#</li><li>#robot-port# 3 : GPS</li><li>#robot-port# 4 : #robot-pen#</li><li>#robot-port# 5 : #robot-ultrasonic#</li><li>#robot-port# 6 : #robot-ultrasonic#</li><li>#robot-port# 7 : #robot-ultrasonic#</li></ul>",
  "thumbnail": "",
  "bodyHeight": 4,
  "bodyWidth": 15,
  "bodyLength": 15,
  "wheels": true,
  "wheelDiameter": 5,
  "wheelWidth": 0.5,
  "wheelToBodyOffset": 0.2,
  "bodyEdgeToWheelCenterY": 1,
  "bodyEdgeToWheelCenterZ": 2,
  "bodyMass": 3000,
  "wheelMass": 200,
  "casterMass": 0,
  "caster": true,
  "wheelFriction": 10,
  "bodyFriction": 0,
  "casterFriction": 0,
  "color": "#f09c0dff",
  "imageType": "all",
  "imageURL": "textures/box/abc.png",
  "components": [
    {
      "type": "UltrasonicSensor",
      "position": [
        -2,
        3,
        8
      ],
      "rotation": [
        0,
        -0.3490658503988659,
        0
      ],
      "options": {}
    },
    {
      "type": "GyroSensor",
      "position": [
        0,
        2.5,
        2.5
      ],
      "options": null
    },
    {
      "type": "GPSSensor",
      "position": [
        0,
        2.5,
        5
      ],
      "options": null
    },
    {
      "type": "Pen",
      "position": [
        0,
        0,
        6
      ],
      "rotation": [
        0,
        0,
        0
      ],
      "options": {}
    },
    {
      "type": "UltrasonicSensor",
      "position": [
        -6,
        3,
        5
      ],
      "rotation": [
        0,
        -0.7853981633974483,
        0
      ],
      "options": {}
    },
    {
      "type": "UltrasonicSensor",
      "position": [
        6,
        3,
        5
      ],
      "rotation": [
        0,
        0.7853981633974483,
        0
      ],
      "options": {}
    },
    {
      "type": "UltrasonicSensor",
      "position": [
        2,
        3,
        8
      ],
      "rotation": [
        0,
        0.3490658503988659,
        0
      ],
      "options": {}
    }
  ],
  "options": {}
}